일간,십성,분야,콘텐츠
甲,비견,총운,"자립과 독립의 기운이 강한 하루입니다. 자신의 힘으로 일을 추진하게 되며, 자신감이 충만해집니다. 지나친 독단은 경계하세요."
甲,비견,관계팁,오늘의 매력: 의리와 신뢰. 매칭 팁: 당당하고 솔직한 태도로 상대를 대하세요. 신뢰감 있는 모습이 관계를 발전시킵니다.
甲,겁재,총운,"경쟁심이 강해지고 목표 달성을 위한 추진력이 극대화됩니다. 좋은 결과를 얻을 수 있으나, 주변 사람과의 작은 다툼이나 재물 손실을 주의해야 합니다."
甲,겁재,관계팁,오늘의 매력: 카리스마와 열정. 매칭 팁: 매너를 지키면서도 자신감을 보여주세요. 이성에게 강렬하고 도전적인 매력으로 다가갈 수 있습니다.
甲,식신,총운,"평온하고 즐거운 기운이 감도는 날입니다. 자신의 재능과 표현력이 빛을 발하며, 먹을 복과 편안함이 따릅니다. 무리하지 않고 순리대로 보내기 좋습니다."
甲,식신,관계팁,오늘의 매력: 유머와 여유. 매칭 팁: 상대방에게 편안한 즐거움을 선사하세요. 사소한 농담이나 따뜻한 배려가 호감을 극대화합니다.
甲,상관,총운,"창의적인 아이디어가 넘치고 기존의 틀에서 벗어나고 싶은 충동이 강합니다. 언변이 뛰어나 주목받을 수 있으나, 윗사람이나 조직의 규칙에 대한 불만 표출은 자제해야 합니다."
甲,상관,관계팁,"오늘의 매력: 독창적인 개성. 매칭 팁: 기발하고 새로운 데이트를 제안하거나, 지적인 대화로 매력을 발산하세요. 호기심을 자극하면 좋습니다."
甲,편재,총운,"활동 범위가 넓어지고 재물을 얻을 기회가 생기는 날입니다. 새로운 투자나 계획을 시도하기 좋으며, 사람들과의 교류 속에서 이익이 발생합니다."
甲,편재,관계팁,"오늘의 매력: 시원시원한 통솔력. 매칭 팁: 아낌없이 베푸는 모습을 보여주거나, 만남을 주도하여 리더십을 어필하세요."
甲,정재,총운,안정적이고 실속을 챙기기 좋은 하루입니다. 계획대로 일을 진행하고 노력한 만큼의 성과를 얻습니다. 재정 관리에 신경 쓰면 좋은 결과를 볼 수 있습니다.
甲,정재,관계팁,"오늘의 매력: 성실함과 안정감. 매칭 팁: 진지한 태도로 관계에 임하며, 신뢰감을 주는 행동을 보여주세요. 미래를 계획하는 대화도 좋습니다."
甲,편관,총운,강한 책임감과 압박 속에서 성과를 내는 날입니다. 어려움이 닥쳐도 회피하지 않고 정면 돌파하면 큰 명예를 얻을 수 있습니다. 스트레스 관리가 필요합니다.
甲,편관,관계팁,"오늘의 매력: 목표 지향적인 카리스마. 매칭 팁: 다소 무거운 주제보다는, 서로의 책임감 있는 태도에 대해 칭찬하며 존중감을 표현하세요."
甲,정관,총운,조직이나 사회에서 규범을 지키고 정직한 태도를 유지하면 순조로운 하루를 보냅니다. 주변 사람들에게 신뢰를 얻고 안정적인 관계를 구축하기에 유리합니다.
甲,정관,관계팁,오늘의 매력: 반듯함과 신뢰도. 매칭 팁: 격식 있는 장소나 깔끔한 복장으로 신뢰를 주세요. 매너 있는 행동이 상대에게 좋은 인상을 남깁니다.
甲,편인,총운,"고독하게 몰두하는 기운이 강하여, 창의적인 영감을 얻거나 관심 분야를 깊게 탐구하기 좋습니다. 사색과 휴식으로 내면을 충전하는 시간을 가지세요."
甲,편인,관계팁,오늘의 매력: 신비감과 독특함. 매칭 팁: 다소 특이한 취미나 깊은 생각을 공유해보세요. 상대에게 지적 호기심을 불러일으킬 수 있습니다.
甲,정인,총운,"귀인(윗사람, 나를 도와주는 사람)의 도움을 받기 쉬운 날입니다. 인정을 받고 문서를 처리하거나 계약을 진행하는 일에 이롭습니다. 감사하는 마음을 가지세요."
甲,정인,관계팁,오늘의 매력: 지혜로움과 편안함. 매칭 팁: 상대방에게 따뜻한 조언이나 지식을 공유하며 보호받고 있다는 느낌을 주세요. 안정적인 분위기에서 대화가 잘 통합니다.
乙,비견,총운,"주관이 뚜렷해지고 협력과 단결의 기운이 강한 하루입니다. 동료나 친구와의 관계에서 에너지를 얻으며, 계획을 꾸준히 이행하기 좋습니다."
乙,비견,관계팁,"오늘의 매력: 친밀감과 조화. 매칭 팁: 상대방과 공통 관심사를 찾아 대화하거나, 함께 소소한 활동을 즐기며 편안한 관계를 만드세요."
乙,겁재,총운,"경쟁적인 환경에 놓이거나 자신의 것을 나누어야 할 일이 생길 수 있습니다. 강한 추진력을 발휘하지만, 감정적인 충돌이나 무리한 지출을 경계해야 합니다."
乙,겁재,관계팁,"오늘의 매력: 유연함 속의 강인함. 매칭 팁: 경쟁적인 스포츠나 게임을 함께하며 흥미를 유발하세요. 단, 승부에 집착하지 않고 여유를 보여주는 것이 중요합니다."
乙,식신,총운,"자유롭고 안정적인 기분이 드는 날입니다. 예술적 감각이나 취미 생활이 발전하며, 여유로운 태도로 주변 사람들에게 좋은 영향을 줍니다. 심신이 편안한 하루입니다."
乙,식신,관계팁,"오늘의 매력: 부드러운 언변과 매너. 매칭 팁: 세련된 장소에서 식사를 하거나, 감성적인 주제로 깊이 있는 대화를 나눠보세요. 부드러움이 상대를 편안하게 합니다."
乙,상관,총운,"뛰어난 표현력과 재치가 돋보여 주목을 받을 수 있습니다. 기존의 관습을 탈피하려는 기운이 강하며, 개인의 능력을 뽐내기 좋습니다. 말실수를 주의하세요."
乙,상관,관계팁,오늘의 매력: 재기발랄한 센스. 매칭 팁: 다소 까다롭거나 예민한 질문에도 재치 있게 답하여 지적인 매력을 어필하세요. 가벼운 칭찬으로 대화의 활력을 높여주세요.
乙,편재,총운,"적극적으로 활동하며 재물을 추구하기 좋은 날입니다. 예상치 못한 수입이나 뜻밖의 기회가 발생할 수 있으며, 투자나 확장적인 일에 유리한 기운이 따릅니다."
乙,편재,관계팁,오늘의 매력: 통 크고 시원시원함. 매칭 팁: 작은 선물이나 멋진 이벤트를 통해 상대에게 즐거움을 선사하세요. 열정적이고 적극적인 태도가 호감을 얻습니다.
乙,정재,총운,"안정적인 수입과 실속을 챙기기 좋은 하루입니다. 계획적이고 현실적인 일에 집중하며, 맡은 바 책임을 다하면 신뢰를 얻습니다. 재정 관리에 좋은 날입니다."
乙,정재,관계팁,오늘의 매력: 믿음직함과 성실함. 매칭 팁: 만남 시간과 약속을 철저히 지키세요. 일관성 있고 믿을 수 있는 모습이 상대에게 깊은 인상을 남깁니다.
乙,편관,총운,"외부로부터 강한 책임감과 스트레스가 주어질 수 있습니다. 어려운 목표를 완수해야 할 때이며, 이를 극복하면 명예와 인정을 얻습니다. 건강 관리에 신경 쓰세요."
乙,편관,관계팁,오늘의 매력: 의지와 절제력. 매칭 팁: 자신의 목표나 진지한 고민을 털어놓으며 깊은 대화를 시도하세요. 상대에게 당신의 성숙하고 책임감 있는 면모를 보여주세요.
乙,정관,총운,"조직이나 사회로부터 규범과 질서를 따르도록 요구받는 하루입니다. 안정적인 환경에서 순조롭게 일을 처리하며, 공적으로 인정받기 유리한 기운이 따릅니다."
乙,정관,관계팁,오늘의 매력: 겸손함과 바른 자세. 매칭 팁: 상대방에게 예의를 갖추고 공손한 태도를 유지하세요. 격식을 갖춘 만남이나 대화에서 좋은 결과를 기대할 수 있습니다.
乙,편인,총운,"독특한 영감과 창조적인 생각이 떠오르는 날입니다. 다소 외롭거나 불안정한 심리 상태에 놓일 수 있으나, 학문이나 종교적인 탐구에 집중하기 좋습니다."
乙,편인,관계팁,"오늘의 매력: 신비로운 지성. 매칭 팁: 예술, 철학 등 다소 난해한 주제를 던져보세요. 당신의 깊이 있는 사고와 독특한 관점이 매력적으로 보일 수 있습니다."
乙,정인,총운,"주변 사람, 특히 윗사람이나 선배에게 도움과 지원을 받기 쉬운 날입니다. 문서를 작성하거나 계약을 진행하는 일에 이롭습니다. 배움의 기회가 찾아옵니다."
乙,정인,관계팁,오늘의 매력: 따뜻한 이해심. 매칭 팁: 상대방의 어려움을 공감하고 따뜻하게 위로해주는 모습을 보여주세요. 편안하고 안정적인 에너지가 호감을 키웁니다.
丙,비견,총운,"활동성과 자신감이 넘치는 하루입니다. 주변 사람들과의 관계에서 협력을 도모하기 좋으며, 자신의 목표를 향해 활기차게 나아가기 좋습니다."
丙,비견,관계팁,오늘의 매력: 명랑함과 주도성. 매칭 팁: 밝고 긍정적인 에너지를 발산하세요. 여러 사람과 함께하는 자리에서 당신의 매력이 더욱 돋보입니다.
丙,겁재,총운,"목표 달성을 위한 경쟁심이 강해지며, 강한 의지로 일을 추진하는 날입니다. 결과는 좋을 수 있으나, 재물 손실이나 주변 사람과의 오해를 주의해야 합니다."
丙,겁재,관계팁,오늘의 매력: 열정적인 에너지. 매칭 팁: 데이트에서 적극적인 태도를 보여주세요. 흥미진진한 대화나 활동을 주도하면 상대방의 시선을 사로잡습니다.
丙,식신,총운,"마음이 편안하고 안정적이며, 즐거움을 추구하는 기운이 강한 날입니다. 자신의 재능을 활용하여 편안하게 성과를 얻거나, 먹을 복이 따릅니다."
丙,식신,관계팁,오늘의 매력: 따뜻한 배려심. 매칭 팁: 상대방의 취향을 세심하게 배려하고 맛있는 음식점을 선택하세요. 부드럽고 여유로운 분위기가 관계를 깊게 합니다.
丙,상관,총운,"뛰어난 언변과 창조적인 기획력이 돋보입니다. 주목받거나 능력을 인정받을 기회가 있으나, 감정적 기복이 심해지거나 윗사람에게 반항적인 태도를 보일 수 있습니다."
丙,상관,관계팁,오늘의 매력: 유머와 지적인 센스. 매칭 팁: 재치 있는 대화나 예술적인 취향을 공유하며 개성을 어필하세요. 다소 솔직한 발언도 매력적으로 보일 수 있습니다.
丙,편재,총운,"큰 규모의 재물을 다루거나 외부 활동을 통해 이익을 얻기 좋은 날입니다. 과감한 결정이나 투자에 유리하며, 활동적인 사람들과 교류를 넓히기 좋습니다."
丙,편재,관계팁,"오늘의 매력: 화끈한 스케일. 매칭 팁: 멋진 데이트 장소를 섭외하거나, 통 큰 모습을 보여주며 상대방에게 강렬하고 호쾌한 인상을 남기세요."
丙,정재,총운,재물을 안정적으로 관리하고 실속을 챙기는 데 집중하는 하루입니다. 계획을 철저히 이행하고 현실적인 목표를 향해 꾸준히 나아가기 좋습니다.
丙,정재,관계팁,"오늘의 매력: 신뢰와 안정감. 매칭 팁: 약속 시간을 정확히 지키고, 일관성 있는 행동으로 상대방에게 믿음을 주세요. 진지한 관계 발전 가능성이 높습니다."
丙,편관,총운,"강한 책임감과 압박감이 따르지만, 이로 인해 큰 명예와 성과를 얻을 수 있는 날입니다. 어려운 난관에 정면으로 맞서 싸울 의지가 중요합니다."
丙,편관,관계팁,오늘의 매력: 절제된 카리스마. 매칭 팁: 당신의 전문 분야나 업무에 대한 진지한 자세를 보여주세요. 성숙하고 책임감 있는 모습이 상대에게 강한 매력으로 작용합니다.
丙,정관,총운,"조직이나 사회의 규범과 질서를 따르며 안정적인 발전을 도모합니다. 주변의 신뢰와 인정을 얻기 유리하며, 공적인 일에 집중하면 좋은 결과를 얻습니다."
丙,정관,관계팁,오늘의 매력: 바른 태도와 예의. 매칭 팁: 매너를 갖추고 공손한 태도를 유지하세요. 격식 있는 대화나 만남에서 좋은 평가를 받을 수 있습니다.
丙,편인,총운,"고독하게 학문이나 기술을 탐구하기 좋은 날입니다. 남과 다른 독특한 시각을 가질 수 있으나, 생각이나 고민이 많아져 심리적으로 불안정해질 수 있습니다."
丙,편인,관계팁,오늘의 매력: 깊이 있는 지성. 매칭 팁: 대화 시 다소 독특한 관점이나 깊이 있는 사색을 공유해보세요. 당신의 지적인 면모가 신비한 매력을 더합니다.
丙,정인,총운,"윗사람이나 주변의 도움과 지원을 쉽게 받는 하루입니다. 인정을 받거나 문서, 계약 등에 이로운 기운이 따릅니다. 마음이 편안하고 안정적입니다."
丙,정인,관계팁,오늘의 매력: 포용력과 따뜻함. 매칭 팁: 상대방의 이야기를 따뜻하게 경청하고 이해심을 보여주세요. 안정적이고 포근한 에너지가 상대에게 휴식을 제공합니다.
丁,비견,총운,"안정적인 자기 주장과 협력의 기운이 강한 하루입니다. 주변 동료나 친구와의 관계에서 심리적인 안정감을 얻으며, 일관된 태도로 목표를 추진하기 좋습니다."
丁,비견,관계팁,오늘의 매력: 따뜻한 친화력. 매칭 팁: 상대방에게 진실된 마음으로 다가가세요. 은은하고 따뜻한 배려가 당신의 매력을 돋보이게 합니다.
丁,겁재,총운,"강한 에너지를 분출하며 목표를 향해 나아가는 날입니다. 주변과의 경쟁이나 갈등이 생길 수 있으나, 뛰어난 직관력으로 난관을 극복하기 좋습니다."
丁,겁재,관계팁,"오늘의 매력: 섬세한 열정. 매칭 팁: 상대방의 감정에 공감하면서도, 당신의 확고한 이상형을 적극적으로 표현하세요. 부드러움과 강인함이 공존합니다."
丁,식신,총운,자유롭고 창조적인 활동에 몰두하기 좋은 날입니다. 자신의 끼와 재능을 발휘하며 심신이 편안해집니다. 주변의 도움 없이도 스스로 즐거움을 찾습니다.
丁,식신,관계팁,오늘의 매력: 은은한 분위기. 매칭 팁: 조용한 카페나 갤러리 등 감성적인 공간에서 만남을 가지세요. 당신의 섬세하고 예술적인 취향이 매력으로 작용합니다.
丁,상관,총운,"직관과 지성이 번뜩이며 뛰어난 말솜씨를 발휘하는 하루입니다. 다소 감정적 기복이 따를 수 있으나, 독창적인 아이디어로 문제를 해결하기에 유리합니다."
丁,상관,관계팁,오늘의 매력: 탁월한 언변. 매칭 팁: 재치 있는 농담과 깊이 있는 주제를 섞어 대화를 이끌어 보세요. 당신의 지적이고 유머러스한 면모가 강하게 어필됩니다.
丁,편재,총운,"외부 활동과 사교성이 극대화되어 재물을 추구하기 좋은 날입니다. 새로운 환경이나 사람들과의 교류에서 기회를 잡으며, 과감한 결정에 유리합니다."
丁,편재,관계팁,오늘의 매력: 유쾌함과 활발함. 매칭 팁: 활기찬 장소나 재미있는 이벤트를 계획하여 상대방과 즐거움을 공유하세요. 당신의 밝은 에너지가 호감을 키웁니다.
丁,정재,총운,"계획적이고 안정적인 재물 활동에 집중하는 하루입니다. 맡은 바 책임을 다하고 실속을 챙기기 좋으며, 신뢰를 바탕으로 일을 진행하면 좋은 결과를 얻습니다."
丁,정재,관계팁,"오늘의 매력: 신중함과 약속 이행. 매칭 팁: 약속 시간을 정확히 지키고, 상대를 위해 작은 것부터 꼼꼼히 챙겨주는 모습을 보여주세요. 책임감 있는 모습이 매력적입니다."
丁,편관,총운,"높은 목표와 책임감으로 다소 압박을 느낄 수 있으나, 이를 통해 공적인 명예를 얻을 수 있습니다. 강한 의지로 시련을 극복하면 반드시 성과가 따릅니다."
丁,편관,관계팁,오늘의 매력: 진지함과 절제미. 매칭 팁: 가볍지 않은 주제로 대화하며 당신의 목표 의식을 보여주세요. 성숙하고 진중한 모습이 상대방에게 신뢰를 줍니다.
丁,정관,총운,"조직의 규범과 질서를 따르며 순조롭게 일을 처리하는 날입니다. 윗사람이나 주변으로부터 인정받기 좋으며, 안정적인 환경에서 마음의 평화를 얻습니다."
丁,정관,관계팁,오늘의 매력: 품위 있는 매너. 매칭 팁: 상대방에게 예의 바르고 배려심 깊은 모습을 보여주세요. 단정하고 깔끔한 태도가 매칭 성공률을 높입니다.
丁,편인,총운,"남과 다른 독특한 영감이 샘솟으며, 전문적인 지식을 탐구하기 좋은 날입니다. 외롭거나 불안정한 느낌이 들 수 있으니, 자신만의 시간을 가지며 집중하세요."
丁,편인,관계팁,오늘의 매력: 독특한 지혜. 매칭 팁: 일반적이지 않은 취미나 지적 호기심을 공유해보세요. 당신의 특별한 관점과 통찰력이 신비로운 매력을 발산합니다.
丁,정인,총운,"주변의 도움과 지원을 쉽게 받는 하루입니다. 마음이 편안하고 안정적이며, 학문이나 문서를 다루는 일에 이롭습니다. 순조롭게 소망을 이루기 좋은 날입니다."
丁,정인,관계팁,오늘의 매력: 온화함과 이해심. 매칭 팁: 상대방의 감정을 헤아리고 따뜻한 말로 격려해주세요. 안정적이고 지적인 분위기가 관계를 깊어지게 합니다.
戊,비견,총운,"안정적인 자기 확신을 바탕으로 견고하게 나아가기 좋은 하루입니다. 주변 사람들과의 협력에서 힘을 얻으며, 자신의 주관대로 일을 추진하면 실속을 챙깁니다."
戊,비견,관계팁,오늘의 매력: 믿음직함과 안정감. 매칭 팁: 진중하고 책임감 있는 태도를 보여주세요. 신뢰를 바탕으로 한 꾸준한 모습이 상대에게 편안함을 줍니다.
戊,겁재,총운,"강한 추진력과 경쟁심이 발동하여 목표 달성을 위해 적극적으로 나서는 날입니다. 다소 충돌이 예상되지만, 뛰어난 추진력으로 성과를 얻을 수 있습니다."
戊,겁재,관계팁,오늘의 매력: 단단한 의지. 매칭 팁: 당당하게 데이트를 리드하고 활발한 활동을 함께 즐기세요. 당신의 자신감 있는 모습이 매력으로 어필됩니다.
戊,식신,총운,"마음이 편안하고 여유가 있으며, 창조적인 활동에 몰두하기 좋은 날입니다. 자신의 능력을 자연스럽게 발휘하며, 일상 속에서 즐거움과 만족감을 얻습니다."
戊,식신,관계팁,오늘의 매력: 포용력과 따뜻함. 매칭 팁: 상대방의 취향을 존중하고 편안한 대화 분위기를 만드세요. 너그럽고 부드러운 에너지가 호감을 키웁니다.
戊,상관,총운,"독창적인 아이디어와 재치가 넘쳐나 주변의 주목을 받는 하루입니다. 기발한 생각으로 문제를 해결하지만, 기존의 질서나 윗사람과의 충돌을 피해야 합니다."
戊,상관,관계팁,"오늘의 매력: 지적인 개성. 매칭 팁: 독특하고 새로운 장소에서의 데이트를 제안하거나, 당신만의 깊이 있는 지식을 공유하며 매력을 발산하세요."
戊,편재,총운,"새로운 기회와 넓은 활동 무대에서 재물을 얻을 수 있는 날입니다. 과감한 투자나 대규모 프로젝트에 유리하며, 사교 활동이 활발해져 이익이 따릅니다."
戊,편재,관계팁,"오늘의 매력: 호방함과 여유. 매칭 팁: 데이트 비용에 쿨하게 임하거나, 스케일이 큰 계획을 제안하며 당신의 리더십을 보여주세요. 활발한 태도가 좋습니다."
戊,정재,총운,현실적이고 안정적인 재물 활동에 집중하여 실속을 챙기는 하루입니다. 맡은 바 책임을 다하고 계획을 차분히 이행하면 신뢰와 좋은 결과를 얻습니다.
戊,정재,관계팁,오늘의 매력: 신중함과 헌신. 매칭 팁: 약속 시간을 철저히 지키고 상대방의 작은 필요를 꼼꼼히 챙겨주세요. 신뢰를 주는 성실함이 매력으로 작용합니다.
戊,편관,총운,"큰 목표나 도전적인 상황에 놓여 책임감이 막중해지는 날입니다. 다소 압박감이 따르지만, 이를 극복하면 명예를 얻고 공적으로 인정받을 수 있습니다."
戊,편관,관계팁,오늘의 매력: 진중한 카리스마. 매칭 팁: 가벼운 유머보다 진솔한 목표나 비전에 대해 대화하며 당신의 성숙함을 보여주세요. 책임감 있는 모습이 호감을 줍니다.
戊,정관,총운,조직과 규범 내에서 안정적으로 발전하며 주변의 인정을 받는 하루입니다. 공적인 일에 집중하고 원칙을 지키면 순조로운 결과를 얻을 수 있습니다.
戊,정관,관계팁,오늘의 매력: 반듯함과 절제미. 매칭 팁: 예의 바른 태도와 단정한 복장으로 신뢰를 주세요. 격식 있는 만남이나 공식적인 자리에서 빛을 발합니다.
戊,편인,총운,"고독하게 사색하고 연구하기 좋은 날입니다. 독창적인 아이디어를 얻지만, 주변과 소통이 부족해지거나 감정적 기복이 따를 수 있으니 주의가 필요합니다."
戊,편인,관계팁,오늘의 매력: 통찰력과 지혜. 매칭 팁: 일반적이지 않은 깊은 주제나 숨겨진 취미에 대해 이야기하며 당신의 지적인 면모와 신비로운 매력을 어필하세요.
戊,정인,총운,"윗사람이나 주변의 도움과 협력이 쉽게 따르는 하루입니다. 마음이 편안하고 안정되며, 학문이나 자격증 등 문서를 다루는 일에 이롭습니다."
戊,정인,관계팁,오늘의 매력: 온화한 이해심. 매칭 팁: 상대방의 고민을 진심으로 들어주고 따뜻하게 위로하는 모습을 보여주세요. 포용력 있는 에너지가 상대에게 안정감을 줍니다.
己,비견,총운,협력과 동료애가 중요해지는 하루입니다. 주변 사람들과 함께 목표를 공유하고 움직이면 안정적으로 성과를 냅니다. 자신의 역할을 충실히 이행하는 데 집중하세요.
己,비견,관계팁,오늘의 매력: 친절함과 포용력. 매칭 팁: 상대방에게 먼저 편안한 미소를 건네고 친절하게 대하세요. 넉넉한 마음이 이성에게 안정감을 줍니다.
己,겁재,총운,"강한 목표 의식과 추진력이 발동하여 경쟁에서 유리한 고지를 점하는 날입니다. 다만, 주변과의 관계에서 감정적 충돌이나 재정적 손실을 주의해야 합니다."
己,겁재,관계팁,오늘의 매력: 외유내강형 의지. 매칭 팁: 부드러운 태도 속에서도 당신의 확고한 목표나 결단력을 보여주세요. 진취적인 모습이 매력으로 작용합니다.
己,식신,총운,"유쾌하고 즐거운 기운이 넘치며, 자신의 재능을 발휘하기 좋은 하루입니다. 일상의 소소한 행복을 느끼고, 먹을 복이 따르며 심신이 편안해집니다."
己,식신,관계팁,오늘의 매력: 사교성과 유머 감각. 매칭 팁: 재미있는 대화나 활동적인 데이트로 상대를 즐겁게 해주세요. 당신의 긍정적인 에너지가 호감을 키웁니다.
己,상관,총운,"뛰어난 관찰력과 언변이 돋보이는 날입니다. 독창적인 아이디어로 기존의 문제를 해결하지만, 말이나 행동에서 실수하여 구설수에 오르지 않도록 주의해야 합니다."
己,상관,관계팁,"오늘의 매력: 섬세한 지성미. 매칭 팁: 상대방이 미처 생각하지 못한 부분을 짚어주거나, 깊이 있는 지식을 재치 있게 풀어내세요. 지적인 매력을 어필하기 좋습니다."
己,편재,총운,"활동 무대가 넓어지고 새로운 사람들과의 만남에서 재물을 얻을 기회가 생깁니다. 다소 충동적인 소비나 결정을 피하고, 기회를 잡는 것에 집중하세요."
己,편재,관계팁,"오늘의 매력: 넉넉한 배포. 매칭 팁: 데이트 계획을 시원하게 주도하거나, 상대방에게 필요한 도움을 통 크게 제공하세요. 활발하고 시원한 모습이 호감을 삽니다."
己,정재,총운,"계획적이고 안정적으로 실속을 챙기는 하루입니다. 맡은 바 책임을 다하고 신용을 지키면, 마음의 평화와 재정적인 안정을 얻을 수 있습니다."
己,정재,관계팁,"오늘의 매력: 믿음과 성실함. 매칭 팁: 약속 시간을 철저히 지키고, 일관성 있는 모습으로 신뢰를 쌓으세요. 미래를 함께할 수 있는 안정감이 매력입니다."
己,편관,총운,"높은 책임감과 도전적인 상황에 직면하지만, 이를 해결함으로써 명예와 능력을 인정받습니다. 규율을 지키고 강한 의지를 보일 때 좋은 성과가 따릅니다."
己,편관,관계팁,오늘의 매력: 겸손함 속의 리더십. 매칭 팁: 자신의 어려움이나 목표를 진지하게 공유하며 성숙함을 보여주세요. 당신의 책임감 있는 모습에 상대가 매력을 느낍니다.
己,정관,총운,"조직이나 주변으로부터 인정받기 좋고, 공적인 일에 집중하면 순조로운 결과를 얻습니다. 원칙을 지키며 안정적으로 하루를 보내기 유리합니다."
己,정관,관계팁,오늘의 매력: 단정함과 예의. 매칭 팁: 예의 바르고 단정한 태도를 보여주세요. 특히 상대방의 가족이나 지인에게 좋은 인상을 남기기 유리합니다.
己,편인,총운,"고독하게 깊은 사색에 잠기거나, 남들과 다른 독특한 관점을 가지기 좋은 날입니다. 영감이 떠오르지만, 다소 심리적으로 불안정해지지 않도록 주의해야 합니다."
己,편인,관계팁,"오늘의 매력: 은은한 지성. 매칭 팁: 인문학, 철학 등 깊이 있는 주제로 대화를 유도하세요. 당신의 독특한 지혜와 통찰력이 상대에게 흥미를 줍니다."
己,정인,총운,"윗사람이나 주변으로부터 도움과 사랑을 받기 쉬운 하루입니다. 마음이 편안하고 안정적이며, 문서나 계약 관련 일에 순조로운 기운이 따릅니다."
己,정인,관계팁,오늘의 매력: 따뜻한 포용력. 매칭 팁: 상대방의 힘든 점을 진심으로 공감하고 위로해주는 모습을 보여주세요. 당신의 온화함이 관계에 안정감을 더합니다.
庚,비견,총운,"강한 독립심과 자립심이 돋보이는 하루입니다. 주변의 도움 없이도 자신의 뜻대로 일을 추진하며, 동료나 친구와의 협력을 통해 목표를 달성하기 좋습니다."
庚,비견,관계팁,"오늘의 매력: 의리와 당당함. 매칭 팁: 꾸밈없이 솔직한 모습을 보여주고, 신뢰를 바탕으로 대화를 나누세요. 확고한 주관이 매력으로 작용합니다."
庚,겁재,총운,"경쟁심과 목표 의식이 극대화되어 적극적으로 성과를 추구하는 날입니다. 강한 추진력을 발휘하지만, 뜻밖의 지출이나 주변과의 날카로운 충돌을 주의해야 합니다."
庚,겁재,관계팁,오늘의 매력: 결단력과 카리스마. 매칭 팁: 대화나 데이트 시 주도권을 잡고 리드하세요. 때로는 도전적인 유머로 긴장감을 유발하는 것도 좋습니다.
庚,식신,총운,"마음이 여유롭고 안정되며, 자신의 능력을 활용하여 즐거움을 찾는 하루입니다. 예술적 감각이나 취미 활동이 발전하며, 편안하고 만족스러운 기운이 따릅니다."
庚,식신,관계팁,오늘의 매력: 단순함과 유머. 매칭 팁: 상대방에게 따뜻한 농담과 편안한 분위기를 제공하세요. 솔직하고 소탈한 모습이 매력으로 다가갑니다.
庚,상관,총운,"뛰어난 판단력과 분석적인 사고가 돋보여 문제를 빠르게 해결합니다. 창조적인 일에 유리하지만, 직설적인 언행으로 인해 오해를 살 수 있으니 주의가 필요합니다."
庚,상관,관계팁,"오늘의 매력: 날카로운 지성. 매칭 팁: 시사, 과학 등 깊이 있는 주제로 대화를 유도하세요. 당신의 지적이고 냉철한 분석력이 강한 매력을 어필합니다."
庚,편재,총운,"새로운 투자 기회가 생기거나 활동 영역이 넓어지는 하루입니다. 다소 모험적인 결정이 따를 수 있지만, 적극적으로 움직이면 재물적인 이익을 얻습니다."
庚,편재,관계팁,"오늘의 매력: 호탕함과 활력. 매칭 팁: 스케일이 큰 데이트를 기획하거나, 시원시원하게 상황을 리드하세요. 당신의 자신감 있는 모습이 호감을 키웁니다."
庚,정재,총운,"계획적이고 안정적인 재물 관리에 집중하며 실속을 챙기기 좋습니다. 맡은 바 책임을 다하고 신용을 지키면, 꾸준하고 확실한 결과를 얻습니다."
庚,정재,관계팁,"오늘의 매력: 성실함과 믿음직함. 매칭 팁: 약속 이행에 철저하고, 상대방에게 현실적인 계획을 제시하며 안정감을 주세요. 신뢰를 주는 모습이 매력적입니다."
庚,편관,총운,"난이도 높은 업무나 책임이 주어지지만, 이를 통해 명예와 능력을 인정받습니다. 강한 의지와 인내심을 발휘하여 목표를 완수해야 좋은 성과가 따릅니다."
庚,편관,관계팁,오늘의 매력: 절제된 힘. 매칭 팁: 자신의 목표와 비전에 대해 진지하게 대화하며 성숙함을 보여주세요. 책임감 있는 모습이 상대에게 깊은 인상을 남깁니다.
庚,정관,총운,"조직과 사회의 규범을 따르며 안정적인 환경에서 순조롭게 발전합니다. 윗사람이나 주변으로부터 인정을 받기 유리하며, 원칙을 지키면 평화로운 하루입니다."
庚,정관,관계팁,오늘의 매력: 바른 태도와 예의. 매칭 팁: 단정하고 예의 바른 태도를 유지하세요. 격식을 갖춘 장소에서 당신의 품위 있는 모습이 돋보입니다.
庚,편인,총운,창조적인 영감과 깊은 통찰이 샘솟아 학문이나 기술을 연마하기 좋습니다. 다소 고독함을 느끼거나 심리적인 불안정함이 따를 수 있으니 휴식이 필요합니다.
庚,편인,관계팁,오늘의 매력: 냉철한 지성. 매칭 팁: 희귀하거나 전문적인 분야에 대해 이야기하며 당신의 깊이 있는 사고를 어필하세요. 신비로운 매력을 발산합니다.
庚,정인,총운,"주변 사람, 특히 윗사람의 도움과 지원을 받기 쉬운 날입니다. 문서나 계약 관련 일에 순조로우며, 마음이 편안하고 안정적인 기운이 따릅니다."
庚,정인,관계팁,오늘의 매력: 따뜻한 보호 본능. 매칭 팁: 상대방의 힘든 점을 진심으로 공감하고 따뜻하게 격려하세요. 포용력 있는 에너지가 관계에 안정감을 더합니다.
辛,비견,총운,"협력과 동료애가 중요해지는 하루입니다. 주변 사람들과의 관계에서 심리적 안정감을 얻으며, 자신의 목표를 우직하게 추진하는 데 유리합니다."
辛,비견,관계팁,오늘의 매력: 은근한 친화력. 매칭 팁: 상대방과 공통 관심사를 찾아 섬세하게 소통하세요. 꾸준한 관심이 당신의 매력을 높입니다.
辛,겁재,총운,"목표 달성을 위한 적극성이 강해지지만, 경쟁심으로 인해 주변과의 갈등이나 재물 손실을 겪을 수 있습니다. 결단력을 발휘하여 정면 돌파해야 합니다."
辛,겁재,관계팁,오늘의 매력: 날카로운 매력. 매칭 팁: 솔직하고 단호한 모습을 보여주세요. 때로는 주도적으로 상황을 이끌어가는 카리스마가 호감을 삽니다.
辛,식신,총운,"안정적이고 여유로운 기운이 따르며, 자신의 재능과 끼를 발휘하기 좋은 날입니다. 일상의 소소한 즐거움을 만끽하고 심신이 편안해집니다."
辛,식신,관계팁,오늘의 매력: 섬세한 배려. 매칭 팁: 상대방의 취향을 세심하게 파악하여 배려해주세요. 부드럽고 온화한 분위기가 관계를 깊게 합니다.
辛,상관,총운,"예리한 직관과 뛰어난 언변이 돋보이는 하루입니다. 독창적인 아이디어로 주목받을 수 있으나, 비판적인 언행으로 인해 주변과의 마찰을 주의해야 합니다."
辛,상관,관계팁,오늘의 매력: 지적인 재치. 매칭 팁: 깊이 있고 독특한 주제로 대화를 이끌어 보세요. 당신의 예리한 통찰력과 지성이 매력으로 작용합니다.
辛,편재,총운,"새로운 만남과 활동이 활발해지고 재물을 얻을 기회가 생깁니다. 과감한 결정이나 투자에 유리하며, 넓은 시야로 상황을 파악해야 좋은 성과를 얻습니다."
辛,편재,관계팁,"오늘의 매력: 세련된 활발함. 매칭 팁: 멋진 장소에서의 데이트를 기획하거나, 시원하게 상황을 리드하세요. 여유롭고 활기찬 모습이 호감을 키웁니다."
辛,정재,총운,"계획적이고 신중한 재정 활동에 집중하며 실속을 챙기기 좋은 날입니다. 맡은 일에 충실하고 신용을 지키면, 꾸준하고 안정적인 결과를 얻습니다."
辛,정재,관계팁,"오늘의 매력: 꼼꼼함과 신뢰. 매칭 팁: 약속 이행에 철저하고, 상대방과의 관계에 진지하게 임하는 모습을 보여주세요. 믿음직한 태도가 매력적입니다."
辛,편관,총운,"강한 책임감과 스트레스가 따르지만, 이로 인해 능력을 인정받고 명예를 얻는 날입니다. 어려운 난관에 정면 돌파할 강한 의지가 중요합니다."
辛,편관,관계팁,오늘의 매력: 절제된 카리스마. 매칭 팁: 당신의 목표나 비전에 대해 진솔하게 대화하며 성숙함을 보여주세요. 책임감 있는 모습이 상대에게 깊은 인상을 남깁니다.
辛,정관,총운,"조직의 규범과 질서를 따르며 순조롭게 일을 처리하는 하루입니다. 주변의 신뢰와 인정을 받기 좋으며, 원칙을 지키면 안정적인 환경에서 발전합니다."
辛,정관,관계팁,오늘의 매력: 품위 있는 태도. 매칭 팁: 예의 바르고 단정한 모습을 유지하세요. 당신의 바른 자세와 매너가 상대에게 높은 호감을 줍니다.
辛,편인,총운,"고독하게 깊은 생각에 잠기거나, 남들과 다른 독특한 영감을 얻기 좋은 날입니다. 심리적 불안정함이나 주변과의 소통 부족에 유의해야 합니다."
辛,편인,관계팁,오늘의 매력: 신비로운 지성. 매칭 팁: 다소 희귀하거나 전문적인 분야에 대해 이야기하며 당신의 깊이 있는 사고를 어필하세요. 독특한 관점이 매력을 발산합니다.
辛,정인,총운,"윗사람이나 주변으로부터 도움과 지원을 받기 쉬운 하루입니다. 마음이 편안하고 안정적이며, 학문이나 문서를 다루는 일에 이롭습니다."
辛,정인,관계팁,오늘의 매력: 지혜로운 온화함. 매칭 팁: 상대방의 감정을 따뜻하게 헤아리고 이해심을 보여주세요. 안정적이고 포용력 있는 에너지가 관계에 평화를 가져옵니다.
壬,비견,총운,"자신감이 넘치고 활동 범위가 넓어지는 하루입니다. 독립적인 판단과 행동에 유리하며, 주변 동료와의 협력을 통해 목표를 향해 나아가기 좋습니다."
壬,비견,관계팁,오늘의 매력: 시원시원한 호탕함. 매칭 팁: 꾸밈없이 솔직하고 시원한 모습을 보여주세요. 당신의 넓은 포용력과 자신감이 상대에게 매력으로 작용합니다.
壬,겁재,총운,"강한 경쟁심과 모험심이 발동하여 목표 달성을 위해 적극적으로 나서는 날입니다. 추진력은 좋으나, 재물 손실이나 주변과의 불필요한 충돌을 피해야 합니다."
壬,겁재,관계팁,오늘의 매력: 뛰어난 리더십. 매칭 팁: 데이트를 주도적으로 이끌고 활발한 활동을 함께 즐기세요. 당신의 자신감과 도전적인 모습이 이성을 끌어당깁니다.
壬,식신,총운,"마음이 여유롭고 즐거움을 추구하는 기운이 강한 날입니다. 자신의 재능을 활용하여 편안하게 성과를 얻으며, 심신이 안정되고 만족감이 높습니다."
壬,식신,관계팁,오늘의 매력: 유머와 긍정적인 에너지. 매칭 팁: 재미있는 대화나 활동으로 상대를 즐겁게 해주세요. 당신의 밝고 소탈한 모습이 호감을 극대화합니다.
壬,상관,총운,"뛰어난 지혜와 언변, 창조성이 돋보이는 하루입니다. 독창적인 아이디어가 넘쳐나 주목을 받을 수 있으나, 직설적인 태도로 인해 오해를 살 수 있으니 주의가 필요합니다."
壬,상관,관계팁,오늘의 매력: 깊이 있는 지성미. 매칭 팁: 철학이나 시사 등 깊이 있는 주제로 대화를 시도하세요. 지적이고 기발한 관점이 상대에게 흥미를 줍니다.
壬,편재,총운,"큰 규모의 재물을 다루거나 외부 활동을 통해 이익을 얻기 좋은 날입니다. 과감한 결정이나 투자에 유리하며, 사람들과의 교류를 넓히기 좋습니다."
壬,편재,관계팁,오늘의 매력: 통 큰 배포. 매칭 팁: 멋진 이벤트나 스케일 큰 데이트를 기획하세요. 당신의 호쾌하고 자신감 있는 모습이 매력으로 어필됩니다.
壬,정재,총운,"현실적이고 안정적인 재정 활동에 집중하며 실속을 챙기는 하루입니다. 맡은 바 책임을 다하고 신용을 지키면, 꾸준하고 확실한 결과를 얻습니다."
壬,정재,관계팁,"오늘의 매력: 믿음직함과 성실함. 매칭 팁: 약속 이행에 철저하고, 상대방과의 관계에 진지하고 책임감 있는 모습을 보여주세요. 안정감을 주는 것이 중요합니다."
壬,편관,총운,"높은 책임감과 도전적인 임무가 주어지지만, 이를 해결함으로써 명예와 능력을 인정받습니다. 스트레스 관리가 중요하며, 강한 의지로 목표를 완수해야 합니다."
壬,편관,관계팁,오늘의 매력: 절제된 카리스마. 매칭 팁: 당신의 전문 분야나 목표에 대한 진지한 자세를 보여주세요. 성숙하고 책임감 있는 모습이 상대에게 깊은 인상을 남깁니다.
壬,정관,총운,"조직이나 사회의 규범과 질서를 따르며 안정적인 발전을 도모합니다. 주변의 신뢰와 인정을 얻기 유리하며, 공적인 일에 집중하면 좋은 결과를 얻습니다."
壬,정관,관계팁,오늘의 매력: 바른 태도와 예의. 매칭 팁: 단정하고 예의 바른 태도를 유지하세요. 격식을 갖춘 만남이나 공식적인 자리에서 당신의 품위가 돋보입니다.
壬,편인,총운,"고독하게 학문이나 전문 지식을 탐구하기 좋은 날입니다. 남과 다른 독특한 통찰을 가질 수 있으나, 생각이나 고민이 많아져 심리적으로 불안정해질 수 있습니다."
壬,편인,관계팁,오늘의 매력: 신비로운 통찰. 매칭 팁: 다소 희귀하거나 전문적인 분야에 대해 이야기하며 당신의 깊이 있는 사고를 어필하세요. 지적인 매력을 발산합니다.
壬,정인,총운,"윗사람이나 주변의 도움과 지원을 쉽게 받는 하루입니다. 마음이 편안하고 안정되며, 문서나 계약 등에 이로운 기운이 따릅니다."
壬,정인,관계팁,오늘의 매력: 따뜻한 포용력. 매칭 팁: 상대방의 이야기를 따뜻하게 경청하고 이해심을 보여주세요. 안정적이고 지혜로운 에너지가 상대에게 편안함을 줍니다.
癸,비견,총운,"협력과 동료애가 중요해지는 하루입니다. 주변 사람들과의 관계에서 심리적인 안정감을 얻으며, 자신의 목표를 우직하게 추진하는 데 유리합니다."
癸,비견,관계팁,오늘의 매력: 친밀감과 섬세함. 매칭 팁: 상대방에게 따뜻한 공감과 세심한 배려를 보여주세요. 물 흐르듯 편안한 분위기가 호감을 높입니다.
癸,겁재,총운,"강한 목표 의식과 추진력이 발동하여 경쟁에서 유리한 고지를 점합니다. 다만, 주변과의 관계에서 감정적 충돌이나 재정적 손실을 주의해야 합니다."
癸,겁재,관계팁,오늘의 매력: 유연함 속의 강인함. 매칭 팁: 부드러운 태도 속에서도 당신의 확고한 생각이나 결단력을 보여주세요. 진취적인 모습이 매력으로 작용합니다.
癸,식신,총운,유쾌하고 창조적인 활동에 몰두하기 좋은 날입니다. 자신의 재능을 발휘하며 심신이 편안해집니다. 일상의 소소한 행복을 느끼고 만족감이 높습니다.
癸,식신,관계팁,오늘의 매력: 부드러운 사교성. 매칭 팁: 조용하고 분위기 좋은 곳에서 만남을 가지세요. 당신의 섬세한 유머와 긍정적인 에너지가 상대에게 편안함을 줍니다.
癸,상관,총운,"뛰어난 관찰력과 언변이 돋보이는 하루입니다. 독창적인 아이디어로 문제를 해결하지만, 감정적 기복이나 말실수로 인해 구설수에 오르지 않도록 주의해야 합니다."
癸,상관,관계팁,오늘의 매력: 예리한 지성미. 매칭 팁: 흥미롭고 깊이 있는 주제로 대화를 유도하세요. 지적이고 창조적인 당신의 모습이 매력적으로 비춰집니다.
癸,편재,총운,"활동 무대가 넓어지고 새로운 만남에서 재물을 얻을 기회가 생깁니다. 다소 충동적인 소비나 결정을 피하고, 기회를 잡는 것에 집중하세요."
癸,편재,관계팁,"오늘의 매력: 세련된 활발함. 매칭 팁: 멋진 장소를 섭외하거나, 상대방에게 필요한 도움을 통 크게 제공하세요. 여유롭고 활기찬 모습이 호감을 삽니다."
癸,정재,총운,"계획적이고 신중한 재정 활동에 집중하며 실속을 챙기기 좋은 날입니다. 맡은 바 책임을 다하고 신용을 지키면, 꾸준하고 안정적인 결과를 얻습니다."
癸,정재,관계팁,"오늘의 매력: 믿음직함과 성실함. 매칭 팁: 약속 시간을 철저히 지키고, 일관성 있는 행동으로 신뢰를 쌓으세요. 미래를 함께할 수 있는 안정감이 매력입니다."
癸,편관,총운,"높은 목표와 책임감으로 다소 압박을 느낄 수 있으나, 이를 통해 공적인 명예를 얻습니다. 규율을 지키고 강한 의지를 보일 때 좋은 성과가 따릅니다."
癸,편관,관계팁,오늘의 매력: 겸손한 리더십. 매칭 팁: 자신의 목표나 진지한 고민을 털어놓으며 성숙함을 보여주세요. 당신의 책임감 있는 모습에 상대가 매력을 느낍니다.
癸,정관,총운,"조직이나 주변으로부터 인정받기 좋고, 공적인 일에 집중하면 순조로운 결과를 얻습니다. 원칙을 지키며 안정적으로 하루를 보내기 유리합니다."
癸,정관,관계팁,오늘의 매력: 단정함과 예의. 매칭 팁: 예의 바르고 단정한 태도를 보여주세요. 특히 상대방의 가족이나 지인에게 좋은 인상을 남기기 유리합니다.
癸,편인,총운,"고독하게 깊은 사색에 잠기거나, 남들과 다른 독특한 관점을 가지기 좋은 날입니다. 영감이 떠오르지만, 다소 심리적으로 불안정해지지 않도록 주의해야 합니다."
癸,편인,관계팁,"오늘의 매력: 신비로운 통찰. 매칭 팁: 인문학, 철학 등 깊이 있는 주제로 대화를 유도하세요. 당신의 독특한 지혜와 통찰력이 상대에게 흥미를 줍니다."
癸,정인,총운,"윗사람이나 주변으로부터 도움과 사랑을 받기 쉬운 하루입니다. 마음이 편안하고 안정적이며, 문서나 계약 관련 일에 순조로운 기운이 따릅니다."
癸,정인,관계팁,오늘의 매력: 따뜻한 포용력. 매칭 팁: 상대방의 힘든 점을 진심으로 공감하고 위로해주는 모습을 보여주세요. 당신의 온화함이 관계에 안정감을 더합니다.
